CustomerID,Monetary,Frequency,Return_Rate,Cluster
14646,279489.02,76,0.3920473300662723,2
18102,256438.49,62,0.003118957020772254,2
17450,187482.17,55,1.3772805852013772,2
14911,132572.62,248,4.15498660686476,2
12415,123725.45,26,0.5531573913717786,2
14156,113384.14,66,1.48570441392416,2
17511,88125.38,46,2.3811368107949,2
16684,65892.08,31,1.7212217689782112,2
13694,62653.1,60,2.3834344200151634,2
15311,59419.340000000004,118,1.2410326229250668,2
